REF_AREA_LABEL,Value_2017,Value_2025,Absolute_Change,Percentage_Change
Nigeria,137.5,191.2,53.69999999999999,39.05454545454545
Pakistan,132.4,160.7,28.299999999999983,21.374622356495454
Ethiopia,72.0,92.0,20.0,27.77777777777778
"Congo, Dem. Rep.",83.4,101.7,18.299999999999997,21.94244604316546
Angola,18.2,28.4,10.2,56.043956043956044
Tanzania,41.6,51.5,9.899999999999999,23.79807692307692
Kenya,34.3,43.9,9.600000000000001,27.988338192419832
"Iran, Islamic Rep.",25.4,34.5,9.100000000000001,35.82677165354332
Mozambique,24.2,32.5,8.3,34.29752066115703
Uganda,31.0,37.8,6.799999999999997,21.935483870967733
Madagascar,22.1,27.9,5.799999999999997,26.2443438914027
Niger,18.6,24.0,5.399999999999999,29.03225806451612
Malawi,15.4,20.6,5.200000000000001,33.766233766233775
Syrian Arab Republic,11.0,15.6,4.6,41.81818181818181
Zambia,14.4,18.9,4.499999999999998,31.24999999999999
Cameroon,12.3,16.5,4.199999999999999,34.14634146341463
Iraq,9.2,13.2,4.0,43.47826086956522
"Egypt, Arab Rep.",41.7,45.5,3.799999999999997,9.112709832134284
Mali,11.7,15.3,3.6000000000000014,30.76923076923078
Chad,10.5,14.0,3.5,33.33333333333333
Ghana,20.2,23.1,2.900000000000002,14.356435643564366
Lebanon,0.0,2.7,2.7,
Burundi,10.4,13.1,2.6999999999999993,25.961538461538453
South Africa,35.1,37.5,2.3999999999999986,6.837606837606833
Burkina Faso,13.6,15.8,2.200000000000001,16.176470588235304
Germany,2.3,4.5,2.2,95.6521739130435
Haiti,8.4,10.6,2.1999999999999993,26.19047619047618
South Sudan,9.4,11.4,2.0,21.27659574468085
Guinea,5.8,7.6,1.7999999999999998,31.034482758620683
Colombia,17.7,19.2,1.5,8.474576271186441
Guatemala,7.5,8.8,1.3000000000000007,17.333333333333343
Algeria,17.2,18.4,1.1999999999999993,6.976744186046507
"Congo, Rep.",3.9,5.0,1.1,28.20512820512821
Sri Lanka,7.1,8.1,1.0,14.084507042253522
France,1.5,2.4,0.8999999999999999,60.0
Sierra Leone,4.8,5.5,0.7000000000000002,14.583333333333337
Central African Republic,4.1,4.8,0.7000000000000002,17.073170731707325
Ecuador,4.0,4.7,0.7000000000000002,17.500000000000004
Peru,11.3,12.0,0.6999999999999993,6.194690265486719
Mauritania,2.1,2.7,0.6000000000000001,28.571428571428577
Namibia,1.1,1.5,0.3999999999999999,36.36363636363635
Gabon,0.7,1.0,0.30000000000000004,42.85714285714287
Lesotho,1.5,1.8,0.30000000000000004,20.000000000000004
Slovak Republic,1.2,1.5,0.30000000000000004,25.000000000000007
West Bank and Gaza,0.2,0.5,0.3,149.99999999999997
Equatorial Guinea,0.9,1.2,0.29999999999999993,33.33333333333333
Israel,1.9,2.1,0.20000000000000018,10.526315789473696
Tunisia,0.9,1.1,0.20000000000000007,22.22222222222223
Qatar,0.5,0.7,0.19999999999999996,39.99999999999999
Guinea-Bissau,1.3,1.5,0.19999999999999996,15.38461538461538
"Gambia, The",1.0,1.2,0.19999999999999996,19.999999999999996
Panama,2.2,2.4,0.19999999999999973,9.09090909090908
Liberia,3.2,3.4,0.19999999999999973,6.249999999999992
Rwanda,10.0,10.2,0.1999999999999993,1.9999999999999927
Uruguay,1.0,1.1,0.10000000000000009,10.000000000000009
Botswana,1.4,1.5,0.10000000000000009,7.1428571428571495
Suriname,0.1,0.2,0.1,100.0
Trinidad and Tobago,0.4,0.5,0.09999999999999998,24.999999999999993
Eswatini,0.8,0.9,0.09999999999999998,12.499999999999996
Sweden,0.4,0.5,0.09999999999999998,24.999999999999993
Austria,0.2,0.3,0.09999999999999998,49.999999999999986
Cote d'Ivoire,15.1,15.2,0.09999999999999964,0.6622516556291367
Senegal,8.5,8.6,0.09999999999999964,1.17647058823529
Belize,0.1,0.1,0.0,0.0
Australia,0.9,0.9,0.0,0.0
Azerbaijan,0.1,0.1,0.0,0.0
Luxembourg,0.0,0.0,0.0,
Seychelles,0.1,0.1,0.0,0.0
St. Lucia,0.0,0.0,0.0,
Sao Tome and Principe,0.1,0.1,0.0,0.0
Morocco,4.8,4.8,0.0,0.0
Norway,0.1,0.1,0.0,0.0
Maldives,0.0,0.0,0.0,
Malta,0.0,0.0,0.0,
Iceland,0.0,0.0,0.0,
Jordan,0.3,0.3,0.0,0.0
Grenada,0.0,0.0,0.0,
Cabo Verde,0.3,0.3,0.0,0.0
Denmark,0.1,0.1,0.0,0.0
Comoros,0.4,0.4,0.0,0.0
Djibouti,0.6,0.6,0.0,0.0
Czechia,0.6,0.6,0.0,0.0
Finland,0.1,0.1,0.0,0.0
Mauritius,0.2,0.2,0.0,0.0
Fiji,0.5,0.5,0.0,0.0
Paraguay,1.7,1.6,-0.09999999999999987,-5.882352941176463
Netherlands,0.3,0.2,-0.09999999999999998,-33.33333333333333
United Arab Emirates,0.3,0.2,-0.09999999999999998,-33.33333333333333
Slovenia,0.1,0.0,-0.1,-100.0
Switzerland,0.2,0.1,-0.1,-50.0
Estonia,0.2,0.1,-0.1,-50.0
Cyprus,0.1,0.0,-0.1,-100.0
Montenegro,0.1,0.0,-0.1,-100.0
Moldova,0.4,0.3,-0.10000000000000003,-25.000000000000007
Canada,1.3,1.2,-0.10000000000000009,-7.692307692307699
Honduras,3.9,3.8,-0.10000000000000009,-2.5641025641025665
Togo,4.7,4.6,-0.10000000000000053,-2.1276595744680966
Armenia,1.5,1.3,-0.19999999999999996,-13.33333333333333
Bosnia and Herzegovina,0.6,0.4,-0.19999999999999996,-33.33333333333333
Belgium,0.3,0.1,-0.19999999999999998,-66.66666666666666
North Macedonia,0.5,0.3,-0.2,-40.0
Ireland,0.2,0.0,-0.2,-100.0
Bhutan,0.2,0.0,-0.2,-100.0
Jamaica,0.9,0.7,-0.20000000000000007,-22.22222222222223
Latvia,0.6,0.3,-0.3,-50.0
Bolivia,1.6,1.3,-0.30000000000000004,-18.750000000000004
Belarus,0.4,0.1,-0.30000000000000004,-75.00000000000001
Lao PDR,4.2,3.9,-0.30000000000000027,-7.1428571428571495
United Kingdom,2.4,2.0,-0.3999999999999999,-16.666666666666664
Costa Rica,2.6,2.2,-0.3999999999999999,-15.38461538461538
Lithuania,0.7,0.3,-0.39999999999999997,-57.14285714285714
Albania,0.8,0.3,-0.5,-62.5
Guyana,0.6,0.1,-0.5,-83.33333333333334
Mongolia,1.6,1.0,-0.6000000000000001,-37.50000000000001
Portugal,2.3,1.5,-0.7999999999999998,-34.782608695652165
Croatia,1.3,0.5,-0.8,-61.53846153846154
Philippines,53.5,52.6,-0.8999999999999986,-1.682242990654203
Malaysia,1.4,0.5,-0.8999999999999999,-64.28571428571428
Dominican Republic,2.8,1.9,-0.8999999999999999,-32.14285714285714
"Taiwan, China",1.9,0.9,-0.9999999999999999,-52.63157894736842
Hungary,4.0,2.9,-1.1,-27.500000000000004
Japan,17.4,16.2,-1.1999999999999993,-6.896551724137928
Kyrgyz Republic,2.9,1.6,-1.2999999999999998,-44.82758620689655
Kazakhstan,2.1,0.7,-1.4000000000000001,-66.66666666666667
Spain,5.9,4.5,-1.4000000000000004,-23.728813559322038
Greece,3.8,2.3,-1.5,-39.473684210526315
Benin,9.6,7.9,-1.6999999999999993,-17.708333333333325
Serbia,2.4,0.7,-1.7,-70.83333333333334
Italy,6.7,4.9,-1.7999999999999998,-26.86567164179104
Chile,9.3,7.3,-2.000000000000001,-21.50537634408603
Bulgaria,3.7,1.4,-2.3000000000000003,-62.16216216216217
Indonesia,198.9,195.9,-3.0,-1.5082956259426847
"Korea, Rep.",6.3,2.8,-3.5,-55.55555555555556
Viet Nam,10.6,7.1,-3.5,-33.01886792452831
United States,19.3,15.7,-3.6000000000000014,-18.652849740932652
Nepal,9.7,5.3,-4.3999999999999995,-45.36082474226804
Poland,7.6,2.8,-4.8,-63.1578947368421
Uzbekistan,7.3,2.3,-5.0,-68.4931506849315
Romania,11.0,3.8,-7.2,-65.45454545454545
Turkiye,12.6,3.5,-9.1,-72.22222222222221
Mexico,39.0,26.4,-12.600000000000001,-32.30769230769231
Brazil,58.9,44.8,-14.100000000000001,-23.938879456706285
Russian Federation,33.4,17.8,-15.599999999999998,-46.706586826347305
Bangladesh,101.8,67.8,-34.0,-33.39882121807466
China,406.5,160.4,-246.1,-60.541205412054126
India,813.1,520.1,-293.0,-36.034928053129995
Nicaragua,1.6,,,
